param,value,time
m,4,0.04768941691145301
m,8,0.04608891601674259
m,16,0.04819529200904071
m,32,0.05459779198281467
m,64,0.06614008394535631
n_sim,500,0.027379042003303766
n_sim,1000,0.05417954095173627
n_sim,2000,0.10876979201566428
n_sim,5000,0.26965708297211677
n_sim,10000,0.5547559999395162
n_sim,20000,1.0710539169376716
